ProjectID,TaskID,Date,PctPlanned,PctComplete,AC,EV,PV
P001,P001-T001,2025-10-14,0.0,0.0,0.0,0.0,0.0
P001,P001-T001,2025-10-21,0.0,0.0,0.0,0.0,0.0
P001,P001-T001,2025-10-28,0.0,0.0,0.0,0.0,0.0
P001,P001-T001,2025-11-04,0.0,0.0,0.0,0.0,0.0
P001,P001-T001,2025-11-11,0.0,0.0,0.0,0.0,0.0
P001,P001-T001,2025-11-18,0.0,0.0,0.0,0.0,0.0
P001,P001-T001,2025-11-25,0.0,0.0,0.0,0.0,0.0
P001,P001-T001,2025-12-02,0.0,0.0,0.0,0.0,0.0
P001,P001-T001,2025-12-09,0.0,0.0,0.0,0.0,0.0
P001,P001-T001,2025-12-16,0.0,0.0,0.0,0.0,0.0
P001,P001-T001,2025-12-23,0.0,0.0,0.0,0.0,0.0
P001,P001-T001,2025-12-30,0.2069,0.1554,24351.19,22665.93,30169.49
P001,P001-T001,2026-01-06,0.4483,0.4426,68287.44,64545.95,65367.24
P001,P001-T002,2025-10-14,0.0,0.0,0.0,0.0,0.0
P001,P001-T002,2025-10-21,0.0,0.0,0.0,0.0,0.0
P001,P001-T002,2025-10-28,0.0,0.0,0.0,0.0,0.0
P001,P001-T002,2025-11-04,0.0,0.0,0.0,0.0,0.0
P001,P001-T002,2025-11-11,0.0,0.0,0.0,0.0,0.0
P001,P001-T002,2025-11-18,0.0,0.0,0.0,0.0,0.0
P001,P001-T002,2025-11-25,0.0,0.0,0.0,0.0,0.0
P001,P001-T002,2025-12-02,0.0,0.0,0.0,0.0,0.0
P001,P001-T002,2025-12-09,0.0,0.0,0.0,0.0,0.0
P001,P001-T002,2025-12-16,0.0,0.0,0.0,0.0,0.0
P001,P001-T002,2025-12-23,0.0,0.0,0.0,0.0,0.0
P001,P001-T002,2025-12-30,0.0,0.0,0.0,0.0,0.0
P001,P001-T002,2026-01-06,0.0,0.0,0.0,0.0,0.0
P001,P001-T003,2025-10-14,0.0,0.0,0.0,0.0,0.0
P001,P001-T003,2025-10-21,0.0,0.0,0.0,0.0,0.0
P001,P001-T003,2025-10-28,0.0,0.0,0.0,0.0,0.0
P001,P001-T003,2025-11-04,0.0,0.0,0.0,0.0,0.0
P001,P001-T003,2025-11-11,0.0,0.0,0.0,0.0,0.0
P001,P001-T003,2025-11-18,0.0,0.0,0.0,0.0,0.0
P001,P001-T003,2025-11-25,0.0,0.0,0.0,0.0,0.0
P001,P001-T003,2025-12-02,0.0,0.0,0.0,0.0,0.0
P001,P001-T003,2025-12-09,0.0,0.0,0.0,0.0,0.0
P001,P001-T003,2025-12-16,0.0,0.0,0.0,0.0,0.0
P001,P001-T003,2025-12-23,0.0,0.0,0.0,0.0,0.0
P001,P001-T003,2025-12-30,0.0,0.0,0.0,0.0,0.0
P001,P001-T003,2026-01-06,0.0,0.0,0.0,0.0,0.0
P001,P001-T004,2025-10-14,0.0,0.0,0.0,0.0,0.0
P001,P001-T004,2025-10-21,0.0,0.0,0.0,0.0,0.0
P001,P001-T004,2025-10-28,0.0,0.0,0.0,0.0,0.0
P001,P001-T004,2025-11-04,0.0588,0.0747,10338.35,9463.55,7454.89
P001,P001-T004,2025-11-11,0.4706,0.4122,57384.52,52239.61,59639.09
P001,P001-T004,2025-11-18,0.8824,0.7972,115578.2,101029.74,111823.3
P001,P001-T004,2025-11-25,1.0,0.9321,131937.87,118130.93,126733.07
P001,P001-T004,2025-12-02,1.0,0.9374,130827.13,118801.74,126733.07
P001,P001-T004,2025-12-09,1.0,0.9609,129620.37,121779.96,126733.07
P001,P001-T004,2025-12-16,1.0,1.0,143113.87,126733.07,126733.07
P001,P001-T004,2025-12-23,1.0,1.0,144781.0,126733.07,126733.07
P001,P001-T004,2025-12-30,1.0,0.966,140227.57,122428.7,126733.07
P001,P001-T004,2026-01-06,1.0,0.9151,123581.2,115972.82,126733.07
P001,P001-T005,2025-10-14,0.0,0.0,0.0,0.0,0.0
P001,P001-T005,2025-10-21,0.0,0.0,0.0,0.0,0.0
P001,P001-T005,2025-10-28,0.0,0.0,0.0,0.0,0.0
P001,P001-T005,2025-11-04,0.0,0.0,0.0,0.0,0.0
P001,P001-T005,2025-11-11,0.0,0.0,0.0,0.0,0.0
P001,P001-T005,2025-11-18,0.0,0.0,0.0,0.0,0.0
P001,P001-T005,2025-11-25,0.0,0.0,0.0,0.0,0.0
P001,P001-T005,2025-12-02,0.0,0.0,0.0,0.0,0.0
P001,P001-T005,2025-12-09,0.0,0.0,0.0,0.0,0.0
P001,P001-T005,2025-12-16,0.0,0.0,0.0,0.0,0.0
P001,P001-T005,2025-12-23,0.0,0.0,0.0,0.0,0.0
P001,P001-T005,2025-12-30,0.0,0.0,0.0,0.0,0.0
P001,P001-T005,2026-01-06,0.0,0.0087,120.56,119.75,0.0
P001,P001-T006,2025-10-14,0.0,0.0,0.0,0.0,0.0
P001,P001-T006,2025-10-21,0.0,0.0,0.0,0.0,0.0
P001,P001-T006,2025-10-28,0.0,0.0,0.0,0.0,0.0
P001,P001-T006,2025-11-04,0.0,0.0,0.0,0.0,0.0
P001,P001-T006,2025-11-11,0.0,0.0,0.0,0.0,0.0
P001,P001-T006,2025-11-18,0.3043,0.1934,20607.95,15269.74,24034.59
P001,P001-T006,2025-11-25,0.6087,0.505,57107.85,39883.16,48069.19
P001,P001-T006,2025-12-02,0.913,0.7364,84376.88,58158.03,72103.78
P001,P001-T006,2025-12-09,1.0,0.8101,92713.11,63973.49,78970.81
P001,P001-T006,2025-12-16,1.0,0.83,90744.48,65544.71,78970.81
P001,P001-T006,2025-12-23,1.0,0.7545,81841.98,59585.35,78970.81
P001,P001-T006,2025-12-30,1.0,0.8119,90694.65,64113.78,78970.81
P001,P001-T006,2026-01-06,1.0,0.8041,86371.66,63501.41,78970.81
P001,P001-T007,2025-10-14,0.0,0.0,0.0,0.0,0.0
P001,P001-T007,2025-10-21,0.0,0.0,0.0,0.0,0.0
P001,P001-T007,2025-10-28,0.0,0.0,0.0,0.0,0.0
P001,P001-T007,2025-11-04,0.0,0.0,0.0,0.0,0.0
P001,P001-T007,2025-11-11,0.0,0.0,0.0,0.0,0.0
P001,P001-T007,2025-11-18,0.0,0.0,0.0,0.0,0.0
P001,P001-T007,2025-11-25,0.0,0.0,0.0,0.0,0.0
P001,P001-T007,2025-12-02,0.0,0.0,0.0,0.0,0.0
P001,P001-T007,2025-12-09,0.0,0.0,0.0,0.0,0.0
P001,P001-T007,2025-12-16,0.0,0.0,0.0,0.0,0.0
P001,P001-T007,2025-12-23,0.0,0.0,0.0,0.0,0.0
P001,P001-T007,2025-12-30,0.0,0.0,0.0,0.0,0.0
P001,P001-T007,2026-01-06,0.0,0.0,0.0,0.0,0.0
P001,P001-T008,2025-10-14,0.0,0.0,0.0,0.0,0.0
P001,P001-T008,2025-10-21,0.0,0.0,0.0,0.0,0.0
P001,P001-T008,2025-10-28,0.0,0.0,0.0,0.0,0.0
P001,P001-T008,2025-11-04,0.0,0.0,0.0,0.0,0.0
P001,P001-T008,2025-11-11,0.1176,0.1175,7625.45,7134.97,7146.62
P001,P001-T008,2025-11-18,0.5294,0.5954,39746.56,36169.76,32159.78
P001,P001-T008,2025-11-25,0.9412,1.0,68226.58,60746.26,57172.95
P001,P001-T008,2025-12-02,1.0,1.0,67616.96,60746.26,60746.26
P001,P001-T008,2025-12-09,1.0,1.0,64931.16,60746.26,60746.26
P001,P001-T008,2025-12-16,1.0,1.0,67579.81,60746.26,60746.26
P001,P001-T008,2025-12-23,1.0,1.0,69464.24,60746.26,60746.26
P001,P001-T008,2025-12-30,1.0,1.0,65550.64,60746.26,60746.26
P001,P001-T008,2026-01-06,1.0,1.0,66627.36,60746.26,60746.26
P001,P001-T009,2025-10-14,0.0,0.0,0.0,0.0,0.0
P001,P001-T009,2025-10-21,0.0,0.0,0.0,0.0,0.0
P001,P001-T009,2025-10-28,0.0,0.0,0.0,0.0,0.0
P001,P001-T009,2025-11-04,0.0,0.0,0.0,0.0,0.0
P001,P001-T009,2025-11-11,0.0,0.0,0.0,0.0,0.0
P001,P001-T009,2025-11-18,0.3158,0.2844,8492.82,7213.29,8010.07
P001,P001-T009,2025-11-25,0.6842,0.6245,18186.02,15840.56,17355.15
P001,P001-T009,2025-12-02,1.0,0.8961,25335.97,22729.4,25365.22
P001,P001-T009,2025-12-09,1.0,0.9265,25696.61,23501.17,25365.22
P001,P001-T009,2025-12-16,1.0,0.9494,27204.95,24082.81,25365.22
P001,P001-T009,2025-12-23,1.0,0.9653,27061.95,24484.46,25365.22
P001,P001-T009,2025-12-30,1.0,0.9204,25537.98,23347.31,25365.22
P001,P001-T009,2026-01-06,1.0,0.9179,26494.43,23282.98,25365.22
P001,P001-T010,2025-10-14,0.0,0.0,0.0,0.0,0.0
P001,P001-T010,2025-10-21,0.0,0.0,0.0,0.0,0.0
P001,P001-T010,2025-10-28,0.0,0.0,0.0,0.0,0.0
P001,P001-T010,2025-11-04,0.0,0.0,0.0,0.0,0.0
P001,P001-T010,2025-11-11,0.0,0.0,0.0,0.0,0.0
P001,P001-T010,2025-11-18,0.0,0.0,0.0,0.0,0.0
P001,P001-T010,2025-11-25,0.0,0.0,0.0,0.0,0.0
P001,P001-T010,2025-12-02,0.0,0.0,0.0,0.0,0.0
P001,P001-T010,2025-12-09,0.0,0.0,0.0,0.0,0.0
P001,P001-T010,2025-12-16,0.2143,0.2016,6913.34,8044.57,8550.15
P001,P001-T010,2025-12-23,0.4643,0.4406,15294.45,17580.81,18525.32
P001,P001-T010,2025-12-30,0.7143,0.649,22858.99,25893.71,28500.5
P001,P001-T010,2026-01-06,0.9643,0.765,26769.03,30526.02,38475.67
P001,P001-T011,2025-10-14,0.0,0.0,0.0,0.0,0.0
P001,P001-T011,2025-10-21,0.0,0.0,0.0,0.0,0.0
P001,P001-T011,2025-10-28,0.0,0.0,0.0,0.0,0.0
P001,P001-T011,2025-11-04,0.0,0.0,0.0,0.0,0.0
P001,P001-T011,2025-11-11,0.0,0.0,0.0,0.0,0.0
P001,P001-T011,2025-11-18,0.0,0.0,0.0,0.0,0.0
P001,P001-T011,2025-11-25,0.0,0.0,0.0,0.0,0.0
P001,P001-T011,2025-12-02,0.0,0.0,0.0,0.0,0.0
P001,P001-T011,2025-12-09,0.2,0.1511,6183.19,8355.96,11062.19
P001,P001-T011,2025-12-16,0.55,0.3769,15686.69,20847.96,30421.03
P001,P001-T011,2025-12-23,0.9,0.6684,28469.85,36971.29,49779.87
P001,P001-T011,2025-12-30,1.0,0.7574,32026.32,41890.07,55310.97
P001,P001-T011,2026-01-06,1.0,0.7407,32584.26,40966.43,55310.97
P001,P001-T012,2025-10-14,0.0,0.0,0.0,0.0,0.0
P001,P001-T012,2025-10-21,0.0,0.0,0.0,0.0,0.0
P001,P001-T012,2025-10-28,0.0,0.0,0.0,0.0,0.0
P001,P001-T012,2025-11-04,0.0,0.0,0.0,0.0,0.0
P001,P001-T012,2025-11-11,0.0,0.0,0.0,0.0,0.0
P001,P001-T012,2025-11-18,0.0,0.0,0.0,0.0,0.0
P001,P001-T012,2025-11-25,0.0,0.0,0.0,0.0,0.0
P001,P001-T012,2025-12-02,0.0,0.0,0.0,0.0,0.0
P001,P001-T012,2025-12-09,0.0,0.0,0.0,0.0,0.0
P001,P001-T012,2025-12-16,0.0,0.0,0.0,0.0,0.0
P001,P001-T012,2025-12-23,0.0417,0.0563,827.87,882.92,653.71
P001,P001-T012,2025-12-30,0.3333,0.3094,4651.43,4853.71,5229.69
P001,P001-T012,2026-01-06,0.625,0.5923,8857.89,9292.9,9805.67
P001,P001-T013,2025-10-14,0.0,0.0,0.0,0.0,0.0
P001,P001-T013,2025-10-21,0.0,0.0,0.0,0.0,0.0
P001,P001-T013,2025-10-28,0.0,0.0,0.0,0.0,0.0
P001,P001-T013,2025-11-04,0.0,0.0,0.0,0.0,0.0
P001,P001-T013,2025-11-11,0.0,0.0,0.0,0.0,0.0
P001,P001-T013,2025-11-18,0.0,0.0,0.0,0.0,0.0
P001,P001-T013,2025-11-25,0.0,0.0,0.0,0.0,0.0
P001,P001-T013,2025-12-02,0.0,0.0,0.0,0.0,0.0
P001,P001-T013,2025-12-09,0.0,0.0,0.0,0.0,0.0
P001,P001-T013,2025-12-16,0.0,0.0,0.0,0.0,0.0
P001,P001-T013,2025-12-23,0.0,0.0,0.0,0.0,0.0
P001,P001-T013,2025-12-30,0.0,0.0,0.0,0.0,0.0
P001,P001-T013,2026-01-06,0.1875,0.1239,7157.21,6465.78,9781.43
P001,P001-T014,2025-10-14,0.0,0.0,0.0,0.0,0.0
P001,P001-T014,2025-10-21,0.0417,0.0528,2884.67,3062.14,2416.4
P001,P001-T014,2025-10-28,0.3333,0.358,20874.21,20761.73,19331.18
P001,P001-T014,2025-11-04,0.625,0.7876,44755.84,45674.93,36245.96
P001,P001-T014,2025-11-11,0.9167,1.0,55234.51,57993.54,53160.74
P001,P001-T014,2025-11-18,1.0,1.0,58307.14,57993.54,57993.54
P001,P001-T014,2025-11-25,1.0,1.0,57649.69,57993.54,57993.54
P001,P001-T014,2025-12-02,1.0,1.0,53747.99,57993.54,57993.54
P001,P001-T014,2025-12-09,1.0,1.0,58315.24,57993.54,57993.54
P001,P001-T014,2025-12-16,1.0,1.0,53327.71,57993.54,57993.54
P001,P001-T014,2025-12-23,1.0,1.0,56997.06,57993.54,57993.54
P001,P001-T014,2025-12-30,1.0,1.0,54177.95,57993.54,57993.54
P001,P001-T014,2026-01-06,1.0,1.0,57156.29,57993.54,57993.54
P001,P001-T015,2025-10-14,0.0,0.0,0.0,0.0,0.0
P001,P001-T015,2025-10-21,0.0,0.0,0.0,0.0,0.0
P001,P001-T015,2025-10-28,0.0,0.0,0.0,0.0,0.0
P001,P001-T015,2025-11-04,0.0,0.0,0.0,0.0,0.0
P001,P001-T015,2025-11-11,0.0,0.0,0.0,0.0,0.0
P001,P001-T015,2025-11-18,0.0,0.0,0.0,0.0,0.0
P001,P001-T015,2025-11-25,0.0,0.0,0.0,0.0,0.0
P001,P001-T015,2025-12-02,0.0,0.0,0.0,0.0,0.0
P001,P001-T015,2025-12-09,0.0,0.0,0.0,0.0,0.0
P001,P001-T015,2025-12-16,0.0,0.0,0.0,0.0,0.0
P001,P001-T015,2025-12-23,0.0,0.0,0.0,0.0,0.0
P001,P001-T015,2025-12-30,0.0,0.0,0.0,0.0,0.0
P001,P001-T015,2026-01-06,0.0,0.0,0.0,0.0,0.0
P001,P001-T016,2025-10-14,0.0,0.0,0.0,0.0,0.0
P001,P001-T016,2025-10-21,0.0,0.0043,59.3,50.71,0.0
P001,P001-T016,2025-10-28,0.4667,0.5576,7572.33,6647.92,5563.33
P001,P001-T016,2025-11-04,0.9333,1.0,14593.58,11921.43,11126.67
P001,P001-T016,2025-11-11,1.0,1.0,14492.21,11921.43,11921.43
P001,P001-T016,2025-11-18,1.0,1.0,13717.86,11921.43,11921.43
P001,P001-T016,2025-11-25,1.0,1.0,14161.9,11921.43,11921.43
P001,P001-T016,2025-12-02,1.0,1.0,13550.89,11921.43,11921.43
P001,P001-T016,2025-12-09,1.0,1.0,14026.92,11921.43,11921.43
P001,P001-T016,2025-12-16,1.0,1.0,13291.04,11921.43,11921.43
P001,P001-T016,2025-12-23,1.0,1.0,13884.79,11921.43,11921.43
P001,P001-T016,2025-12-30,1.0,1.0,14460.73,11921.43,11921.43
P001,P001-T016,2026-01-06,1.0,1.0,14557.62,11921.43,11921.43
P001,P001-T017,2025-10-14,0.0,0.0,0.0,0.0,0.0
P001,P001-T017,2025-10-21,0.0,0.0,0.0,0.0,0.0
P001,P001-T017,2025-10-28,0.0,0.0,0.0,0.0,0.0
P001,P001-T017,2025-11-04,0.0,0.0,0.0,0.0,0.0
P001,P001-T017,2025-11-11,0.0,0.0,0.0,0.0,0.0
P001,P001-T017,2025-11-18,0.0,0.0,0.0,0.0,0.0
P001,P001-T017,2025-11-25,0.0,0.0,0.0,0.0,0.0
P001,P001-T017,2025-12-02,0.0,0.0,0.0,0.0,0.0
P001,P001-T017,2025-12-09,0.0,0.0,0.0,0.0,0.0
P001,P001-T017,2025-12-16,0.0,0.0,0.0,0.0,0.0
P001,P001-T017,2025-12-23,0.0,0.0,0.0,0.0,0.0
P001,P001-T017,2025-12-30,0.0,0.0,0.0,0.0,0.0
P001,P001-T017,2026-01-06,0.0,0.0,0.0,0.0,0.0
P001,P001-T018,2025-10-14,0.0,0.0,0.0,0.0,0.0
P001,P001-T018,2025-10-21,0.0,0.0,0.0,0.0,0.0
P001,P001-T018,2025-10-28,0.0,0.0,0.0,0.0,0.0
P001,P001-T018,2025-11-04,0.1212,0.1581,1916.18,2331.45,1787.3
P001,P001-T018,2025-11-11,0.3333,0.2875,3702.28,4238.58,4915.07
P001,P001-T018,2025-11-18,0.5455,0.5039,6223.64,7429.76,8042.84
P001,P001-T018,2025-11-25,0.7576,0.699,8694.12,10306.75,11170.61
P001,P001-T018,2025-12-02,0.9697,0.9558,11663.04,14093.13,14298.39
P001,P001-T018,2025-12-09,1.0,0.9706,12355.19,14311.4,14745.21
P001,P001-T018,2025-12-16,1.0,0.9293,11673.65,13703.3,14745.21
P001,P001-T018,2025-12-23,1.0,0.9253,11847.68,13643.88,14745.21
P001,P001-T018,2025-12-30,1.0,0.9078,10927.07,13386.41,14745.21
P001,P001-T018,2026-01-06,1.0,0.9625,11815.07,14191.94,14745.21
P001,P001-T019,2025-10-14,0.0,0.0,0.0,0.0,0.0
P001,P001-T019,2025-10-21,0.0,0.0,0.0,0.0,0.0
P001,P001-T019,2025-10-28,0.0,0.0,0.0,0.0,0.0
P001,P001-T019,2025-11-04,0.0,0.0,0.0,0.0,0.0
P001,P001-T019,2025-11-11,0.0,0.0,0.0,0.0,0.0
P001,P001-T019,2025-11-18,0.0,0.0,0.0,0.0,0.0
P001,P001-T019,2025-11-25,0.0,0.0,0.0,0.0,0.0
P001,P001-T019,2025-12-02,0.0,0.0,0.0,0.0,0.0
P001,P001-T019,2025-12-09,0.0,0.0,0.0,0.0,0.0
P001,P001-T019,2025-12-16,0.0,0.0,0.0,0.0,0.0
P001,P001-T019,2025-12-23,0.0,0.0,0.0,0.0,0.0
P001,P001-T019,2025-12-30,0.0,0.0,0.0,0.0,0.0
P001,P001-T019,2026-01-06,0.0,0.0,0.0,0.0,0.0
P001,P001-T020,2025-10-14,0.0,0.0,0.0,0.0,0.0
P001,P001-T020,2025-10-21,0.0,0.0,0.0,0.0,0.0
P001,P001-T020,2025-10-28,0.0,0.0,0.0,0.0,0.0
P001,P001-T020,2025-11-04,0.0,0.0,0.0,0.0,0.0
P001,P001-T020,2025-11-11,0.0,0.0,0.0,0.0,0.0
P001,P001-T020,2025-11-18,0.0,0.0,0.0,0.0,0.0
P001,P001-T020,2025-11-25,0.0,0.0,0.0,0.0,0.0
P001,P001-T020,2025-12-02,0.0,0.0,0.0,0.0,0.0
P001,P001-T020,2025-12-09,0.1818,0.1607,3943.82,4227.41,4783.36
P001,P001-T020,2025-12-16,0.3939,0.3826,9880.68,10065.43,10363.95
P001,P001-T020,2025-12-23,0.6061,0.6015,15985.09,15825.49,15944.54
P001,P001-T020,2025-12-30,0.8182,0.8126,21881.92,21379.05,21525.13
P001,P001-T020,2026-01-06,1.0,1.0,26610.23,26308.49,26308.49
P001,P001-T021,2025-10-14,0.0,0.0,0.0,0.0,0.0
P001,P001-T021,2025-10-21,0.0,0.0,0.0,0.0,0.0
P001,P001-T021,2025-10-28,0.0,0.0,0.0,0.0,0.0
P001,P001-T021,2025-11-04,0.0,0.0,0.0,0.0,0.0
P001,P001-T021,2025-11-11,0.0,0.0,0.0,0.0,0.0
P001,P001-T021,2025-11-18,0.0,0.0,0.0,0.0,0.0
P001,P001-T021,2025-11-25,0.0,0.0,0.0,0.0,0.0
P001,P001-T021,2025-12-02,0.0,0.0,0.0,0.0,0.0
P001,P001-T021,2025-12-09,0.0,0.0,0.0,0.0,0.0
P001,P001-T021,2025-12-16,0.0,0.0,0.0,0.0,0.0
P001,P001-T021,2025-12-23,0.0,0.0,0.0,0.0,0.0
P001,P001-T021,2025-12-30,0.0,0.0,0.0,0.0,0.0
P001,P001-T021,2026-01-06,0.0,0.0,0.0,0.0,0.0
P002,P002-T001,2025-10-04,0.0,0.0,0.0,0.0,0.0
P002,P002-T001,2025-10-11,0.0,0.0,0.0,0.0,0.0
P002,P002-T001,2025-10-18,0.0,0.0,0.0,0.0,0.0
P002,P002-T001,2025-10-25,0.0,0.0,0.0,0.0,0.0
P002,P002-T001,2025-11-01,0.0,0.0,0.0,0.0,0.0
P002,P002-T001,2025-11-08,0.0,0.0,0.0,0.0,0.0
P002,P002-T001,2025-11-15,0.0,0.0,0.0,0.0,0.0
P002,P002-T001,2025-11-22,0.0,0.0,0.0,0.0,0.0
P002,P002-T001,2025-11-29,0.0,0.0,0.0,0.0,0.0
P002,P002-T001,2025-12-06,0.0,0.0,0.0,0.0,0.0
P002,P002-T001,2025-12-13,0.0,0.0,0.0,0.0,0.0
P002,P002-T001,2025-12-20,0.0,0.0,0.0,0.0,0.0
P002,P002-T001,2025-12-27,0.0,0.0,0.0,0.0,0.0
P002,P002-T001,2026-01-03,0.0,0.0,0.0,0.0,0.0
P002,P002-T001,2026-01-10,0.0,0.0,0.0,0.0,0.0
P002,P002-T002,2025-10-04,0.0,0.0,0.0,0.0,0.0
P002,P002-T002,2025-10-11,0.0,0.0,0.0,0.0,0.0
P002,P002-T002,2025-10-18,0.0,0.0,0.0,0.0,0.0
P002,P002-T002,2025-10-25,0.0,0.0,0.0,0.0,0.0
P002,P002-T002,2025-11-01,0.0,0.0,0.0,0.0,0.0
P002,P002-T002,2025-11-08,0.0,0.0,0.0,0.0,0.0
P002,P002-T002,2025-11-15,0.0,0.0,0.0,0.0,0.0
P002,P002-T002,2025-11-22,0.0,0.0,0.0,0.0,0.0
P002,P002-T002,2025-11-29,0.0,0.0,0.0,0.0,0.0
P002,P002-T002,2025-12-06,0.0,0.0,0.0,0.0,0.0
P002,P002-T002,2025-12-13,0.0,0.0,0.0,0.0,0.0
P002,P002-T002,2025-12-20,0.0,0.0,0.0,0.0,0.0
P002,P002-T002,2025-12-27,0.0,0.0,0.0,0.0,0.0
P002,P002-T002,2026-01-03,0.037,0.0,0.0,0.0,12434.55
P002,P002-T002,2026-01-10,0.1667,0.1913,50378.77,64209.81,55955.48
P002,P002-T003,2025-10-04,0.0,0.0,0.0,0.0,0.0
P002,P002-T003,2025-10-11,0.0,0.0,0.0,0.0,0.0
P002,P002-T003,2025-10-18,0.0,0.0,0.0,0.0,0.0
P002,P002-T003,2025-10-25,0.0,0.0,0.0,0.0,0.0
P002,P002-T003,2025-11-01,0.0,0.0,0.0,0.0,0.0
P002,P002-T003,2025-11-08,0.0,0.0,0.0,0.0,0.0
P002,P002-T003,2025-11-15,0.0,0.0,0.0,0.0,0.0
P002,P002-T003,2025-11-22,0.0476,0.0997,23918.66,18944.19,9051.66
P002,P002-T003,2025-11-29,0.2143,0.2492,59076.17,47373.68,40732.47
P002,P002-T003,2025-12-06,0.381,0.4254,97198.51,80854.82,72413.29
P002,P002-T003,2025-12-13,0.5476,0.6086,146350.6,115687.96,104094.1
P002,P002-T003,2025-12-20,0.7143,0.7641,172237.27,145237.66,135774.91
P002,P002-T003,2025-12-27,0.881,0.9568,214002.73,181881.11,167455.73
P002,P002-T003,2026-01-03,1.0,1.0,239195.84,190084.88,190084.88
P002,P002-T003,2026-01-10,1.0,1.0,224994.02,190084.88,190084.88
P002,P002-T004,2025-10-04,0.0,0.0,0.0,0.0,0.0
P002,P002-T004,2025-10-11,0.0,0.0,0.0,0.0,0.0
P002,P002-T004,2025-10-18,0.0,0.0,0.0,0.0,0.0
P002,P002-T004,2025-10-25,0.0,0.0,0.0,0.0,0.0
P002,P002-T004,2025-11-01,0.0,0.0,0.0,0.0,0.0
P002,P002-T004,2025-11-08,0.0,0.0,0.0,0.0,0.0
P002,P002-T004,2025-11-15,0.0,0.0,0.0,0.0,0.0
P002,P002-T004,2025-11-22,0.0,0.0,0.0,0.0,0.0
P002,P002-T004,2025-11-29,0.0,0.0,0.0,0.0,0.0
P002,P002-T004,2025-12-06,0.0,0.0,0.0,0.0,0.0
P002,P002-T004,2025-12-13,0.0,0.0,0.0,0.0,0.0
P002,P002-T004,2025-12-20,0.0,0.0,0.0,0.0,0.0
P002,P002-T004,2025-12-27,0.0,0.0,0.0,0.0,0.0
P002,P002-T004,2026-01-03,0.0,0.0,0.0,0.0,0.0
P002,P002-T004,2026-01-10,0.0,0.0,0.0,0.0,0.0
P002,P002-T005,2025-10-04,0.0,0.0,0.0,0.0,0.0
P002,P002-T005,2025-10-11,0.0,0.0,0.0,0.0,0.0
P002,P002-T005,2025-10-18,0.0,0.0,0.0,0.0,0.0
P002,P002-T005,2025-10-25,0.0,0.0,0.0,0.0,0.0
P002,P002-T005,2025-11-01,0.0,0.0,0.0,0.0,0.0
P002,P002-T005,2025-11-08,0.0,0.0,0.0,0.0,0.0
P002,P002-T005,2025-11-15,0.0,0.0,0.0,0.0,0.0
P002,P002-T005,2025-11-22,0.0,0.0,0.0,0.0,0.0
P002,P002-T005,2025-11-29,0.0,0.0,0.0,0.0,0.0
P002,P002-T005,2025-12-06,0.0,0.0,0.0,0.0,0.0
P002,P002-T005,2025-12-13,0.0377,0.0477,3127.35,3066.15,2426.37
P002,P002-T005,2025-12-20,0.1698,0.1936,12894.09,12448.19,10918.66
P002,P002-T005,2025-12-27,0.3019,0.2471,15504.18,15887.82,19410.96
P002,P002-T005,2026-01-03,0.434,0.4179,26100.44,26869.96,27903.25
P002,P002-T005,2026-01-10,0.566,0.5351,36624.92,34404.86,36395.55
P002,P002-T006,2025-10-04,0.0,0.0,0.0,0.0,0.0
P002,P002-T006,2025-10-11,0.0,0.0,0.0,0.0,0.0
P002,P002-T006,2025-10-18,0.0,0.0,0.0,0.0,0.0
P002,P002-T006,2025-10-25,0.0,0.0,0.0,0.0,0.0
P002,P002-T006,2025-11-01,0.0,0.0,0.0,0.0,0.0
P002,P002-T006,2025-11-08,0.0,0.0,0.0,0.0,0.0
P002,P002-T006,2025-11-15,0.0,0.0,0.0,0.0,0.0
P002,P002-T006,2025-11-22,0.0,0.0,0.0,0.0,0.0
P002,P002-T006,2025-11-29,0.0,0.0,0.0,0.0,0.0
P002,P002-T006,2025-12-06,0.0,0.0,0.0,0.0,0.0
P002,P002-T006,2025-12-13,0.0,0.0,0.0,0.0,0.0
P002,P002-T006,2025-12-20,0.0,0.0,0.0,0.0,0.0
P002,P002-T006,2025-12-27,0.0,0.0,0.0,0.0,0.0
P002,P002-T006,2026-01-03,0.0,0.0,0.0,0.0,0.0
P002,P002-T006,2026-01-10,0.0,0.0,0.0,0.0,0.0
P002,P002-T007,2025-10-04,0.0,0.0,0.0,0.0,0.0
P002,P002-T007,2025-10-11,0.0,0.0,0.0,0.0,0.0
P002,P002-T007,2025-10-18,0.0,0.0,0.0,0.0,0.0
P002,P002-T007,2025-10-25,0.0,0.0,0.0,0.0,0.0
P002,P002-T007,2025-11-01,0.0,0.0,0.0,0.0,0.0
P002,P002-T007,2025-11-08,0.0,0.0,0.0,0.0,0.0
P002,P002-T007,2025-11-15,0.0,0.0,0.0,0.0,0.0
P002,P002-T007,2025-11-22,0.0,0.0,0.0,0.0,0.0
P002,P002-T007,2025-11-29,0.0,0.0,0.0,0.0,0.0
P002,P002-T007,2025-12-06,0.0,0.0,0.0,0.0,0.0
P002,P002-T007,2025-12-13,0.12,0.108,61763.43,52658.98,58488.43
P002,P002-T007,2025-12-20,0.26,0.2708,152003.14,131982.66,126724.93
P002,P002-T007,2025-12-27,0.4,0.4473,258922.22,218017.74,194961.42
P002,P002-T007,2026-01-03,0.54,0.6035,351052.58,294132.88,263197.92
P002,P002-T007,2026-01-10,0.68,0.7585,439225.44,369683.71,331434.42
P002,P002-T008,2025-10-04,0.0,0.0,0.0,0.0,0.0
P002,P002-T008,2025-10-11,0.0,0.0,0.0,0.0,0.0
P002,P002-T008,2025-10-18,0.0,0.0,0.0,0.0,0.0
P002,P002-T008,2025-10-25,0.0,0.0,0.0,0.0,0.0
P002,P002-T008,2025-11-01,0.0,0.0,0.0,0.0,0.0
P002,P002-T008,2025-11-08,0.0,0.0,0.0,0.0,0.0
P002,P002-T008,2025-11-15,0.0,0.0,0.0,0.0,0.0
P002,P002-T008,2025-11-22,0.0,0.0,0.0,0.0,0.0
P002,P002-T008,2025-11-29,0.0,0.0,0.0,0.0,0.0
P002,P002-T008,2025-12-06,0.0,0.0,0.0,0.0,0.0
P002,P002-T008,2025-12-13,0.0,0.0,0.0,0.0,0.0
P002,P002-T008,2025-12-20,0.0,0.0,0.0,0.0,0.0
P002,P002-T008,2025-12-27,0.0,0.0,0.0,0.0,0.0
P002,P002-T008,2026-01-03,0.0,0.0,0.0,0.0,0.0
P002,P002-T008,2026-01-10,0.0,0.0,0.0,0.0,0.0
P002,P002-T009,2025-10-04,0.0,0.0,0.0,0.0,0.0
P002,P002-T009,2025-10-11,0.0,0.0,0.0,0.0,0.0
P002,P002-T009,2025-10-18,0.0,0.0,0.0,0.0,0.0
P002,P002-T009,2025-10-25,0.0189,0.0475,2006.25,2070.71,821.81
P002,P002-T009,2025-11-01,0.1509,0.1261,5008.73,5493.56,6574.47
P002,P002-T009,2025-11-08,0.283,0.2805,11104.47,12217.99,12327.13
P002,P002-T009,2025-11-15,0.4151,0.414,17248.84,18030.14,18079.79
P002,P002-T009,2025-11-22,0.5472,0.4818,19866.81,20984.56,23832.45
P002,P002-T009,2025-11-29,0.6792,0.6323,24427.67,27542.41,29585.11
P002,P002-T009,2025-12-06,0.8113,0.7652,30795.8,33326.97,35337.77
P002,P002-T009,2025-12-13,0.9434,0.8756,34586.75,38135.42,41090.42
P002,P002-T009,2025-12-20,1.0,0.933,37116.96,40639.05,43555.85
P002,P002-T009,2025-12-27,1.0,0.8446,35351.26,36785.73,43555.85
P002,P002-T009,2026-01-03,1.0,0.8526,33677.93,37136.13,43555.85
P002,P002-T009,2026-01-10,1.0,0.9385,39453.35,40876.6,43555.85
P002,P002-T010,2025-10-04,0.0,0.0,0.0,0.0,0.0
P002,P002-T010,2025-10-11,0.0,0.0,0.0,0.0,0.0
P002,P002-T010,2025-10-18,0.0,0.0,0.0,0.0,0.0
P002,P002-T010,2025-10-25,0.0,0.0,0.0,0.0,0.0
P002,P002-T010,2025-11-01,0.0,0.0,0.0,0.0,0.0
P002,P002-T010,2025-11-08,0.0,0.0,0.0,0.0,0.0
P002,P002-T010,2025-11-15,0.0,0.0,0.0,0.0,0.0
P002,P002-T010,2025-11-22,0.0,0.0,0.0,0.0,0.0
P002,P002-T010,2025-11-29,0.0,0.0,0.0,0.0,0.0
P002,P002-T010,2025-12-06,0.0,0.0,0.0,0.0,0.0
P002,P002-T010,2025-12-13,0.0385,0.0221,4938.72,5524.55,9615.04
P002,P002-T010,2025-12-20,0.1731,0.2568,52824.98,64209.57,43267.69
P002,P002-T010,2025-12-27,0.3077,0.4497,100770.22,112421.58,76920.33
P002,P002-T010,2026-01-03,0.4423,0.6341,129630.82,158517.9,110572.98
P002,P002-T010,2026-01-10,0.5769,0.7861,168946.6,196517.07,144225.62
P002,P002-T011,2025-10-04,0.0,0.0,0.0,0.0,0.0
P002,P002-T011,2025-10-11,0.0,0.0,0.0,0.0,0.0
P002,P002-T011,2025-10-18,0.0,0.0,0.0,0.0,0.0
P002,P002-T011,2025-10-25,0.0,0.0,0.0,0.0,0.0
P002,P002-T011,2025-11-01,0.0,0.0,0.0,0.0,0.0
P002,P002-T011,2025-11-08,0.0,0.0,0.0,0.0,0.0
P002,P002-T011,2025-11-15,0.0,0.0,0.0,0.0,0.0
P002,P002-T011,2025-11-22,0.0,0.0,0.0,0.0,0.0
P002,P002-T011,2025-11-29,0.0,0.0,0.0,0.0,0.0
P002,P002-T011,2025-12-06,0.0,0.0,0.0,0.0,0.0
P002,P002-T011,2025-12-13,0.0,0.0,0.0,0.0,0.0
P002,P002-T011,2025-12-20,0.0656,0.0588,15534.59,16111.04,17974.56
P002,P002-T011,2025-12-27,0.1803,0.1716,48483.22,47043.74,49430.05
P002,P002-T011,2026-01-03,0.2951,0.2624,71429.77,71929.34,80885.53
P002,P002-T011,2026-01-10,0.4098,0.3869,106021.88,106043.47,112341.02
P002,P002-T012,2025-10-04,0.0,0.0,0.0,0.0,0.0
P002,P002-T012,2025-10-11,0.0,0.0,0.0,0.0,0.0
P002,P002-T012,2025-10-18,0.0,0.0,0.0,0.0,0.0
P002,P002-T012,2025-10-25,0.0,0.0,0.0,0.0,0.0
P002,P002-T012,2025-11-01,0.0,0.0,0.0,0.0,0.0
P002,P002-T012,2025-11-08,0.0,0.0,0.0,0.0,0.0
P002,P002-T012,2025-11-15,0.0,0.0,0.0,0.0,0.0
P002,P002-T012,2025-11-22,0.0,0.0,0.0,0.0,0.0
P002,P002-T012,2025-11-29,0.0,0.0,0.0,0.0,0.0
P002,P002-T012,2025-12-06,0.0,0.0,0.0,0.0,0.0
P002,P002-T012,2025-12-13,0.0,0.0,0.0,0.0,0.0
P002,P002-T012,2025-12-20,0.0,0.0,0.0,0.0,0.0
P002,P002-T012,2025-12-27,0.0,0.0,0.0,0.0,0.0
P002,P002-T012,2026-01-03,0.0,0.0,0.0,0.0,0.0
P002,P002-T012,2026-01-10,0.0,0.0,0.0,0.0,0.0
P002,P002-T013,2025-10-04,0.0,0.0,0.0,0.0,0.0
P002,P002-T013,2025-10-11,0.0,0.0,0.0,0.0,0.0
P002,P002-T013,2025-10-18,0.0,0.0,0.0,0.0,0.0
P002,P002-T013,2025-10-25,0.0,0.0,0.0,0.0,0.0
P002,P002-T013,2025-11-01,0.0,0.0,0.0,0.0,0.0
P002,P002-T013,2025-11-08,0.0,0.0,0.0,0.0,0.0
P002,P002-T013,2025-11-15,0.0,0.0,0.0,0.0,0.0
P002,P002-T013,2025-11-22,0.0,0.0,0.0,0.0,0.0
P002,P002-T013,2025-11-29,0.0,0.0,0.0,0.0,0.0
P002,P002-T013,2025-12-06,0.0,0.0,0.0,0.0,0.0
P002,P002-T013,2025-12-13,0.0,0.0,0.0,0.0,0.0
P002,P002-T013,2025-12-20,0.0,0.0,0.0,0.0,0.0
P002,P002-T013,2025-12-27,0.0,0.0,0.0,0.0,0.0
P002,P002-T013,2026-01-03,0.0,0.0,0.0,0.0,0.0
P002,P002-T013,2026-01-10,0.0,0.0,0.0,0.0,0.0
P002,P002-T014,2025-10-04,0.0,0.0,0.0,0.0,0.0
P002,P002-T014,2025-10-11,0.0,0.0,0.0,0.0,0.0
P002,P002-T014,2025-10-18,0.0,0.0,0.0,0.0,0.0
P002,P002-T014,2025-10-25,0.0,0.0,0.0,0.0,0.0
P002,P002-T014,2025-11-01,0.0,0.0,0.0,0.0,0.0
P002,P002-T014,2025-11-08,0.0,0.0,0.0,0.0,0.0
P002,P002-T014,2025-11-15,0.0,0.0,0.0,0.0,0.0
P002,P002-T014,2025-11-22,0.0,0.0,0.0,0.0,0.0
P002,P002-T014,2025-11-29,0.0,0.0,0.0,0.0,0.0
P002,P002-T014,2025-12-06,0.0,0.0,0.0,0.0,0.0
P002,P002-T014,2025-12-13,0.0,0.0,0.0,0.0,0.0
P002,P002-T014,2025-12-20,0.0,0.0,0.0,0.0,0.0
P002,P002-T014,2025-12-27,0.0,0.0,0.0,0.0,0.0
P002,P002-T014,2026-01-03,0.0,0.0,0.0,0.0,0.0
P002,P002-T014,2026-01-10,0.0,0.0,0.0,0.0,0.0
P002,P002-T015,2025-10-04,0.0,0.0,0.0,0.0,0.0
P002,P002-T015,2025-10-11,0.0,0.0,0.0,0.0,0.0
P002,P002-T015,2025-10-18,0.0,0.0,0.0,0.0,0.0
P002,P002-T015,2025-10-25,0.0,0.0,0.0,0.0,0.0
P002,P002-T015,2025-11-01,0.0,0.0,0.0,0.0,0.0
P002,P002-T015,2025-11-08,0.0,0.0,0.0,0.0,0.0
P002,P002-T015,2025-11-15,0.0,0.0,0.0,0.0,0.0
P002,P002-T015,2025-11-22,0.0,0.0,0.0,0.0,0.0
P002,P002-T015,2025-11-29,0.0,0.0,0.0,0.0,0.0
P002,P002-T015,2025-12-06,0.0,0.0,0.0,0.0,0.0
P002,P002-T015,2025-12-13,0.0,0.0,0.0,0.0,0.0
P002,P002-T015,2025-12-20,0.0,0.0,0.0,0.0,0.0
P002,P002-T015,2025-12-27,0.0,0.0,0.0,0.0,0.0
P002,P002-T015,2026-01-03,0.0,0.0,0.0,0.0,0.0
P002,P002-T015,2026-01-10,0.0,0.0,0.0,0.0,0.0
P002,P002-T016,2025-10-04,0.0,0.0,0.0,0.0,0.0
P002,P002-T016,2025-10-11,0.0,0.0,0.0,0.0,0.0
P002,P002-T016,2025-10-18,0.0,0.0,0.0,0.0,0.0
P002,P002-T016,2025-10-25,0.0,0.0,0.0,0.0,0.0
P002,P002-T016,2025-11-01,0.0,0.0,0.0,0.0,0.0
P002,P002-T016,2025-11-08,0.0,0.0,0.0,0.0,0.0
P002,P002-T016,2025-11-15,0.0,0.0,0.0,0.0,0.0
P002,P002-T016,2025-11-22,0.0968,0.1603,17399.67,18364.15,11083.29
P002,P002-T016,2025-11-29,0.2097,0.246,29190.41,28173.21,24013.78
P002,P002-T016,2025-12-06,0.3226,0.3725,42764.25,42659.05,36944.28
P002,P002-T016,2025-12-13,0.4355,0.5193,58591.92,59474.45,49874.78
P002,P002-T016,2025-12-20,0.5484,0.642,73384.82,73531.56,62805.28
P002,P002-T016,2025-12-27,0.6613,0.799,86440.68,91503.11,75735.78
P002,P002-T016,2026-01-03,0.7742,0.8665,102635.74,99238.26,88666.28
P002,P002-T016,2026-01-10,0.8871,1.0,112840.48,114527.28,101596.78
P002,P002-T017,2025-10-04,0.0,0.0,0.0,0.0,0.0
P002,P002-T017,2025-10-11,0.0,0.0,0.0,0.0,0.0
P002,P002-T017,2025-10-18,0.0,0.0,0.0,0.0,0.0
P002,P002-T017,2025-10-25,0.0,0.0,0.0,0.0,0.0
P002,P002-T017,2025-11-01,0.0,0.0,0.0,0.0,0.0
P002,P002-T017,2025-11-08,0.0,0.0,0.0,0.0,0.0
P002,P002-T017,2025-11-15,0.0,0.0,0.0,0.0,0.0
P002,P002-T017,2025-11-22,0.0,0.0,0.0,0.0,0.0
P002,P002-T017,2025-11-29,0.0,0.0,0.0,0.0,0.0
P002,P002-T017,2025-12-06,0.0,0.0,0.0,0.0,0.0
P002,P002-T017,2025-12-13,0.0,0.0,0.0,0.0,0.0
P002,P002-T017,2025-12-20,0.0,0.0,0.0,0.0,0.0
P002,P002-T017,2025-12-27,0.0,0.0,0.0,0.0,0.0
P002,P002-T017,2026-01-03,0.0,0.0,0.0,0.0,0.0
P002,P002-T017,2026-01-10,0.0,0.0,0.0,0.0,0.0
P002,P002-T018,2025-10-04,0.0,0.0,0.0,0.0,0.0
P002,P002-T018,2025-10-11,0.0,0.0,0.0,0.0,0.0
P002,P002-T018,2025-10-18,0.0,0.0,0.0,0.0,0.0
P002,P002-T018,2025-10-25,0.0,0.0,0.0,0.0,0.0
P002,P002-T018,2025-11-01,0.0,0.0,0.0,0.0,0.0
P002,P002-T018,2025-11-08,0.0,0.0,0.0,0.0,0.0
P002,P002-T018,2025-11-15,0.0377,0.0712,5786.16,4051.24,2148.14
P002,P002-T018,2025-11-22,0.1698,0.1453,12076.31,8271.64,9666.62
P002,P002-T018,2025-11-29,0.3019,0.3506,29243.21,19955.56,17185.11
P002,P002-T018,2025-12-06,0.434,0.4801,38763.02,27331.69,24703.6
P002,P002-T018,2025-12-13,0.566,0.5886,49023.9,33508.64,32222.08
P002,P002-T018,2025-12-20,0.6981,0.7727,58876.95,43985.17,39740.57
P002,P002-T018,2025-12-27,0.8302,0.828,65279.12,47132.41,47259.06
P002,P002-T018,2026-01-03,0.9623,1.0,83719.02,56925.68,54777.54
P002,P002-T018,2026-01-10,1.0,1.0,80580.57,56925.68,56925.68
P002,P002-T019,2025-10-04,0.0,0.0,0.0,0.0,0.0
P002,P002-T019,2025-10-11,0.0,0.0,0.0,0.0,0.0
P002,P002-T019,2025-10-18,0.0,0.0,0.0,0.0,0.0
P002,P002-T019,2025-10-25,0.0,0.0,0.0,0.0,0.0
P002,P002-T019,2025-11-01,0.0,0.0,0.0,0.0,0.0
P002,P002-T019,2025-11-08,0.0,0.0,0.0,0.0,0.0
P002,P002-T019,2025-11-15,0.0,0.0,0.0,0.0,0.0
P002,P002-T019,2025-11-22,0.0,0.0,0.0,0.0,0.0
P002,P002-T019,2025-11-29,0.0,0.0,0.0,0.0,0.0
P002,P002-T019,2025-12-06,0.1136,0.0692,6100.38,5672.91,9316.92
P002,P002-T019,2025-12-13,0.2727,0.2286,20031.63,18741.75,22360.62
P002,P002-T019,2025-12-20,0.4318,0.4581,42068.88,37559.58,35404.31
P002,P002-T019,2025-12-27,0.5909,0.6256,59622.75,51295.37,48448.0
P002,P002-T019,2026-01-03,0.75,0.7709,72144.09,63203.15,61491.7
P002,P002-T019,2026-01-10,0.9091,0.9498,85860.17,77871.44,74535.39
P002,P002-T020,2025-10-04,0.0,0.0,0.0,0.0,0.0
P002,P002-T020,2025-10-11,0.0,0.0,0.0,0.0,0.0
P002,P002-T020,2025-10-18,0.0,0.0,0.0,0.0,0.0
P002,P002-T020,2025-10-25,0.0,0.0,0.0,0.0,0.0
P002,P002-T020,2025-11-01,0.0,0.0,0.0,0.0,0.0
P002,P002-T020,2025-11-08,0.0,0.0,0.0,0.0,0.0
P002,P002-T020,2025-11-15,0.0,0.0,0.0,0.0,0.0
P002,P002-T020,2025-11-22,0.0,0.0,0.0,0.0,0.0
P002,P002-T020,2025-11-29,0.0,0.0,0.0,0.0,0.0
P002,P002-T020,2025-12-06,0.0,0.0,0.0,0.0,0.0
P002,P002-T020,2025-12-13,0.0,0.0,0.0,0.0,0.0
P002,P002-T020,2025-12-20,0.0,0.0,0.0,0.0,0.0
P002,P002-T020,2025-12-27,0.0,0.0,0.0,0.0,0.0
P002,P002-T020,2026-01-03,0.0,0.0,0.0,0.0,0.0
P002,P002-T020,2026-01-10,0.0,0.0,0.0,0.0,0.0
P002,P002-T021,2025-10-04,0.0,0.0,0.0,0.0,0.0
P002,P002-T021,2025-10-11,0.0,0.0,0.0,0.0,0.0
P002,P002-T021,2025-10-18,0.0,0.0,0.0,0.0,0.0
P002,P002-T021,2025-10-25,0.0,0.0,0.0,0.0,0.0
P002,P002-T021,2025-11-01,0.0,0.0,0.0,0.0,0.0
P002,P002-T021,2025-11-08,0.0,0.0,0.0,0.0,0.0
P002,P002-T021,2025-11-15,0.0,0.0,0.0,0.0,0.0
P002,P002-T021,2025-11-22,0.0,0.0,0.0,0.0,0.0
P002,P002-T021,2025-11-29,0.0,0.0,0.0,0.0,0.0
P002,P002-T021,2025-12-06,0.0,0.0,0.0,0.0,0.0
P002,P002-T021,2025-12-13,0.0,0.0,0.0,0.0,0.0
P002,P002-T021,2025-12-20,0.0,0.0,0.0,0.0,0.0
P002,P002-T021,2025-12-27,0.0,0.0,0.0,0.0,0.0
P002,P002-T021,2026-01-03,0.0,0.0,0.0,0.0,0.0
P002,P002-T021,2026-01-10,0.0,0.0,0.0,0.0,0.0
P002,P002-T022,2025-10-04,0.0,0.0,0.0,0.0,0.0
P002,P002-T022,2025-10-11,0.0,0.0,0.0,0.0,0.0
P002,P002-T022,2025-10-18,0.0,0.0,0.0,0.0,0.0
P002,P002-T022,2025-10-25,0.0,0.0,0.0,0.0,0.0
P002,P002-T022,2025-11-01,0.0,0.0,0.0,0.0,0.0
P002,P002-T022,2025-11-08,0.0,0.0,0.0,0.0,0.0
P002,P002-T022,2025-11-15,0.0,0.0,0.0,0.0,0.0
P002,P002-T022,2025-11-22,0.0,0.0,0.0,0.0,0.0
P002,P002-T022,2025-11-29,0.0,0.0,0.0,0.0,0.0
P002,P002-T022,2025-12-06,0.0,0.0,0.0,0.0,0.0
P002,P002-T022,2025-12-13,0.0,0.0,0.0,0.0,0.0
P002,P002-T022,2025-12-20,0.0,0.0,0.0,0.0,0.0
P002,P002-T022,2025-12-27,0.0,0.0,0.0,0.0,0.0
P002,P002-T022,2026-01-03,0.0,0.0,0.0,0.0,0.0
P002,P002-T022,2026-01-10,0.0,0.0,0.0,0.0,0.0
P002,P002-T023,2025-10-04,0.0,0.0,0.0,0.0,0.0
P002,P002-T023,2025-10-11,0.0,0.0,0.0,0.0,0.0
P002,P002-T023,2025-10-18,0.0,0.0,0.0,0.0,0.0
P002,P002-T023,2025-10-25,0.0,0.0,0.0,0.0,0.0
P002,P002-T023,2025-11-01,0.0,0.0,0.0,0.0,0.0
P002,P002-T023,2025-11-08,0.0,0.0,0.0,0.0,0.0
P002,P002-T023,2025-11-15,0.0,0.0,0.0,0.0,0.0
P002,P002-T023,2025-11-22,0.0,0.0,0.0,0.0,0.0
P002,P002-T023,2025-11-29,0.0,0.0204,1641.26,1853.35,0.0
P002,P002-T023,2025-12-06,0.2059,0.2118,16684.46,19233.31,18697.17
P002,P002-T023,2025-12-13,0.4118,0.4814,40214.37,43714.31,37394.33
P002,P002-T023,2025-12-20,0.6176,0.7337,60367.64,66628.21,56091.5
P002,P002-T023,2025-12-27,0.8235,1.0,81542.87,90814.81,74788.67
P002,P002-T023,2026-01-03,1.0,1.0,85147.94,90814.81,90814.81
P002,P002-T023,2026-01-10,1.0,1.0,83810.18,90814.81,90814.81
P002,P002-T024,2025-10-04,0.0,0.0,0.0,0.0,0.0
P002,P002-T024,2025-10-11,0.0,0.0,0.0,0.0,0.0
P002,P002-T024,2025-10-18,0.0,0.0,0.0,0.0,0.0
P002,P002-T024,2025-10-25,0.0,0.0,0.0,0.0,0.0
P002,P002-T024,2025-11-01,0.0,0.0269,2660.65,3287.0,0.0
P002,P002-T024,2025-11-08,0.3333,0.2807,29384.01,34312.2,40743.52
P002,P002-T024,2025-11-15,0.6667,0.637,63965.99,77861.25,81487.05
P002,P002-T024,2025-11-22,1.0,0.9864,100398.15,120563.05,122230.57
P002,P002-T024,2025-11-29,1.0,0.9821,101170.96,120044.96,122230.57
P002,P002-T024,2025-12-06,1.0,0.9869,101049.74,120625.59,122230.57
P002,P002-T024,2025-12-13,1.0,1.0,100116.49,122230.57,122230.57
P002,P002-T024,2025-12-20,1.0,1.0,102511.76,122230.57,122230.57
P002,P002-T024,2025-12-27,1.0,1.0,103582.98,122230.57,122230.57
P002,P002-T024,2026-01-03,1.0,1.0,104479.68,122230.57,122230.57
P002,P002-T024,2026-01-10,1.0,0.9508,101498.86,116214.08,122230.57
P002,P002-T025,2025-10-04,0.0,0.0,0.0,0.0,0.0
P002,P002-T025,2025-10-11,0.0,0.0,0.0,0.0,0.0
P002,P002-T025,2025-10-18,0.0,0.0,0.0,0.0,0.0
P002,P002-T025,2025-10-25,0.0,0.0,0.0,0.0,0.0
P002,P002-T025,2025-11-01,0.0,0.0,0.0,0.0,0.0
P002,P002-T025,2025-11-08,0.0,0.0,0.0,0.0,0.0
P002,P002-T025,2025-11-15,0.0,0.0,0.0,0.0,0.0
P002,P002-T025,2025-11-22,0.0,0.0,0.0,0.0,0.0
P002,P002-T025,2025-11-29,0.0,0.0,0.0,0.0,0.0
P002,P002-T025,2025-12-06,0.0769,0.0611,3692.99,2897.59,3645.58
P002,P002-T025,2025-12-13,0.2564,0.2681,15441.52,12705.15,12151.95
P002,P002-T025,2025-12-20,0.4359,0.4533,27721.92,21483.78,20658.31
P002,P002-T025,2025-12-27,0.6154,0.5559,34818.79,26344.63,29164.68
P002,P002-T025,2026-01-03,0.7949,0.8141,47000.25,38583.38,37671.04
P002,P002-T025,2026-01-10,0.9744,0.9241,57504.17,43793.3,46177.41
P002,P002-T026,2025-10-04,0.0,0.0,0.0,0.0,0.0
P002,P002-T026,2025-10-11,0.0,0.0,0.0,0.0,0.0
P002,P002-T026,2025-10-18,0.0,0.0,0.0,0.0,0.0
P002,P002-T026,2025-10-25,0.0,0.0,0.0,0.0,0.0
P002,P002-T026,2025-11-01,0.0,0.0,0.0,0.0,0.0
P002,P002-T026,2025-11-08,0.0,0.0,0.0,0.0,0.0
P002,P002-T026,2025-11-15,0.0,0.0,0.0,0.0,0.0
P002,P002-T026,2025-11-22,0.0,0.0,0.0,0.0,0.0
P002,P002-T026,2025-11-29,0.0,0.0,0.0,0.0,0.0
P002,P002-T026,2025-12-06,0.0,0.0,0.0,0.0,0.0
P002,P002-T026,2025-12-13,0.0,0.0,0.0,0.0,0.0
P002,P002-T026,2025-12-20,0.0,0.0,0.0,0.0,0.0
P002,P002-T026,2025-12-27,0.0,0.0,0.0,0.0,0.0
P002,P002-T026,2026-01-03,0.0,0.0,0.0,0.0,0.0
P002,P002-T026,2026-01-10,0.0,0.0,0.0,0.0,0.0
P002,P002-T027,2025-10-04,0.0,0.0,0.0,0.0,0.0
P002,P002-T027,2025-10-11,0.0,0.0,0.0,0.0,0.0
P002,P002-T027,2025-10-18,0.0,0.0,0.0,0.0,0.0
P002,P002-T027,2025-10-25,0.0,0.0,0.0,0.0,0.0
P002,P002-T027,2025-11-01,0.025,0.0,0.0,0.0,16938.14
P002,P002-T027,2025-11-08,0.2,0.1723,88773.95,116770.42,135505.15
P002,P002-T027,2025-11-15,0.375,0.4079,225627.57,276375.32,254072.16
P002,P002-T027,2025-11-22,0.55,0.5958,303612.89,403663.9,372639.17
P002,P002-T027,2025-11-29,0.725,0.7892,415820.66,534688.89,491206.18
P002,P002-T027,2025-12-06,0.9,0.9238,474440.39,625899.09,609773.19
P002,P002-T027,2025-12-13,1.0,1.0,517713.53,677525.77,677525.77
P002,P002-T027,2025-12-20,1.0,1.0,552919.69,677525.77,677525.77
P002,P002-T027,2025-12-27,1.0,1.0,536591.27,677525.77,677525.77
P002,P002-T027,2026-01-03,1.0,1.0,526303.14,677525.77,677525.77
P002,P002-T027,2026-01-10,1.0,1.0,526954.27,677525.77,677525.77
P003,P003-T001,2025-10-24,0.0,0.0,0.0,0.0,0.0
P003,P003-T001,2025-10-31,0.0,0.0,0.0,0.0,0.0
P003,P003-T001,2025-11-07,0.0,0.0,0.0,0.0,0.0
P003,P003-T001,2025-11-14,0.0,0.0,0.0,0.0,0.0
P003,P003-T001,2025-11-21,0.0,0.0,0.0,0.0,0.0
P003,P003-T001,2025-11-28,0.1053,0.093,6607.0,6306.81,7138.38
P003,P003-T001,2025-12-05,0.4737,0.5724,42169.93,38817.12,32122.71
P003,P003-T001,2025-12-12,0.8421,1.0,71567.63,67814.62,57107.05
P003,P003-T001,2025-12-19,1.0,1.0,73380.6,67814.62,67814.62
P003,P003-T001,2025-12-26,1.0,1.0,69720.98,67814.62,67814.62
P003,P003-T001,2026-01-02,1.0,1.0,70767.88,67814.62,67814.62
P003,P003-T001,2026-01-09,1.0,1.0,70336.63,67814.62,67814.62
P003,P003-T002,2025-10-24,0.0,0.0,0.0,0.0,0.0
P003,P003-T002,2025-10-31,0.0,0.0,0.0,0.0,0.0
P003,P003-T002,2025-11-07,0.0,0.0,0.0,0.0,0.0
P003,P003-T002,2025-11-14,0.0,0.0,0.0,0.0,0.0
P003,P003-T002,2025-11-21,0.0,0.0,0.0,0.0,0.0
P003,P003-T002,2025-11-28,0.0,0.0,0.0,0.0,0.0
P003,P003-T002,2025-12-05,0.0,0.0,0.0,0.0,0.0
P003,P003-T002,2025-12-12,0.0,0.0,0.0,0.0,0.0
P003,P003-T002,2025-12-19,0.1538,0.1257,5107.48,4907.91,6006.38
P003,P003-T002,2025-12-26,0.6923,0.5672,21760.55,22145.13,27028.71
P003,P003-T002,2026-01-02,1.0,0.9223,37054.55,36008.12,39041.47
P003,P003-T002,2026-01-09,1.0,0.9071,34306.11,35413.14,39041.47
P003,P003-T003,2025-10-24,0.0,0.0,0.0,0.0,0.0
P003,P003-T003,2025-10-31,0.0,0.0,0.0,0.0,0.0
P003,P003-T003,2025-11-07,0.0,0.0,0.0,0.0,0.0
P003,P003-T003,2025-11-14,0.0,0.0,0.0,0.0,0.0
P003,P003-T003,2025-11-21,0.0,0.0,0.0,0.0,0.0
P003,P003-T003,2025-11-28,0.0,0.0,0.0,0.0,0.0
P003,P003-T003,2025-12-05,0.0,0.0,0.0,0.0,0.0
P003,P003-T003,2025-12-12,0.0,0.0,0.0,0.0,0.0
P003,P003-T003,2025-12-19,0.0,0.0,0.0,0.0,0.0
P003,P003-T003,2025-12-26,0.1538,0.1927,4814.9,4857.0,3878.56
P003,P003-T003,2026-01-02,0.6923,0.848,21458.21,21378.22,17453.5
P003,P003-T003,2026-01-09,1.0,1.0,23447.23,25210.61,25210.61
P003,P003-T004,2025-10-24,0.0,0.0,0.0,0.0,0.0
P003,P003-T004,2025-10-31,0.0,0.0,0.0,0.0,0.0
P003,P003-T004,2025-11-07,0.1,0.1021,10032.15,8290.93,8118.0
P003,P003-T004,2025-11-14,0.8,0.7873,75826.14,63913.96,64944.02
P003,P003-T004,2025-11-21,1.0,1.0,93635.03,81180.02,81180.02
P003,P003-T004,2025-11-28,1.0,1.0,96170.7,81180.02,81180.02
P003,P003-T004,2025-12-05,1.0,1.0,95507.72,81180.02,81180.02
P003,P003-T004,2025-12-12,1.0,1.0,100457.92,81180.02,81180.02
P003,P003-T004,2025-12-19,1.0,1.0,97631.73,81180.02,81180.02
P003,P003-T004,2025-12-26,1.0,1.0,96430.3,81180.02,81180.02
P003,P003-T004,2026-01-02,1.0,1.0,101147.13,81180.02,81180.02
P003,P003-T004,2026-01-09,1.0,1.0,94231.52,81180.02,81180.02
P003,P003-T005,2025-10-24,0.0,0.0,0.0,0.0,0.0
P003,P003-T005,2025-10-31,0.0,0.0,0.0,0.0,0.0
P003,P003-T005,2025-11-07,0.0,0.0,0.0,0.0,0.0
P003,P003-T005,2025-11-14,0.0,0.0,0.0,0.0,0.0
P003,P003-T005,2025-11-21,0.0,0.0,0.0,0.0,0.0
P003,P003-T005,2025-11-28,0.125,0.1436,8913.82,10271.28,8940.13
P003,P003-T005,2025-12-05,0.5625,0.5747,38583.48,41102.22,40230.59
P003,P003-T005,2025-12-12,1.0,1.0,66953.61,71521.05,71521.05
P003,P003-T005,2025-12-19,1.0,1.0,62967.85,71521.05,71521.05
P003,P003-T005,2025-12-26,1.0,0.9452,62265.15,67600.84,71521.05
P003,P003-T005,2026-01-02,1.0,1.0,63811.58,71521.05,71521.05
P003,P003-T005,2026-01-09,1.0,0.9804,64901.76,70122.78,71521.05
P003,P003-T006,2025-10-24,0.0,0.0,0.0,0.0,0.0
P003,P003-T006,2025-10-31,0.0,0.0,0.0,0.0,0.0
P003,P003-T006,2025-11-07,0.1429,0.1841,6944.51,7622.87,5916.59
P003,P003-T006,2025-11-14,1.0,1.0,37034.11,41416.15,41416.15
P003,P003-T006,2025-11-21,1.0,1.0,35817.81,41416.15,41416.15
P003,P003-T006,2025-11-28,1.0,1.0,37600.83,41416.15,41416.15
P003,P003-T006,2025-12-05,1.0,1.0,36814.46,41416.15,41416.15
P003,P003-T006,2025-12-12,1.0,1.0,38165.69,41416.15,41416.15
P003,P003-T006,2025-12-19,1.0,1.0,38858.01,41416.15,41416.15
P003,P003-T006,2025-12-26,1.0,1.0,38344.44,41416.15,41416.15
P003,P003-T006,2026-01-02,1.0,1.0,39303.79,41416.15,41416.15
P003,P003-T006,2026-01-09,1.0,1.0,38215.35,41416.15,41416.15
P003,P003-T007,2025-10-24,0.0,0.0,0.0,0.0,0.0
P003,P003-T007,2025-10-31,0.0,0.0,0.0,0.0,0.0
P003,P003-T007,2025-11-07,0.0,0.0,0.0,0.0,0.0
P003,P003-T007,2025-11-14,0.0,0.0,0.0,0.0,0.0
P003,P003-T007,2025-11-21,0.0,0.0,0.0,0.0,0.0
P003,P003-T007,2025-11-28,0.0,0.0,0.0,0.0,0.0
P003,P003-T007,2025-12-05,0.0,0.0,0.0,0.0,0.0
P003,P003-T007,2025-12-12,0.0,0.0,0.0,0.0,0.0
P003,P003-T007,2025-12-19,0.0,0.0,0.0,0.0,0.0
P003,P003-T007,2025-12-26,0.0,0.0,0.0,0.0,0.0
P003,P003-T007,2026-01-02,0.3,0.4083,24632.01,25451.41,18700.24
P003,P003-T007,2026-01-09,1.0,1.0,62060.62,62334.15,62334.15
P003,P003-T008,2025-10-24,0.0,0.0,0.0,0.0,0.0
P003,P003-T008,2025-10-31,0.0,0.0,0.0,0.0,0.0
P003,P003-T008,2025-11-07,0.0,0.0,0.0,0.0,0.0
P003,P003-T008,2025-11-14,0.0,0.0,0.0,0.0,0.0
P003,P003-T008,2025-11-21,0.0,0.0,0.0,0.0,0.0
P003,P003-T008,2025-11-28,0.0,0.0,0.0,0.0,0.0
P003,P003-T008,2025-12-05,0.0,0.0,0.0,0.0,0.0
P003,P003-T008,2025-12-12,0.0,0.0,0.0,0.0,0.0
P003,P003-T008,2025-12-19,0.0526,0.0285,1066.97,974.21,1796.87
P003,P003-T008,2025-12-26,0.4211,0.4669,17318.87,15939.69,14374.93
P003,P003-T008,2026-01-02,0.7895,0.8535,31354.64,29140.54,26952.99
P003,P003-T008,2026-01-09,1.0,1.0,36013.75,34140.45,34140.45
P003,P003-T009,2025-10-24,0.0,0.0,0.0,0.0,0.0
P003,P003-T009,2025-10-31,0.0,0.0,0.0,0.0,0.0
P003,P003-T009,2025-11-07,0.0,0.0,0.0,0.0,0.0
P003,P003-T009,2025-11-14,0.0,0.0,0.0,0.0,0.0
P003,P003-T009,2025-11-21,0.0,0.0,0.0,0.0,0.0
P003,P003-T009,2025-11-28,0.0,0.0,0.0,0.0,0.0
P003,P003-T009,2025-12-05,0.5,0.3704,6247.16,5606.73,7569.0
P003,P003-T009,2025-12-12,1.0,0.6599,11537.38,9989.8,15138.01
P003,P003-T009,2025-12-19,1.0,0.6624,11016.9,10027.99,15138.01
P003,P003-T009,2025-12-26,1.0,0.6885,12549.98,10422.59,15138.01
P003,P003-T009,2026-01-02,1.0,0.6578,11719.76,9957.86,15138.01
P003,P003-T009,2026-01-09,1.0,0.6935,12369.29,10498.85,15138.01
P003,P003-T010,2025-10-24,0.0,0.0,0.0,0.0,0.0
P003,P003-T010,2025-10-31,0.0,0.0,0.0,0.0,0.0
P003,P003-T010,2025-11-07,0.6,0.5242,6904.0,6775.54,7754.9
P003,P003-T010,2025-11-14,1.0,0.9632,12876.29,12449.28,12924.83
P003,P003-T010,2025-11-21,1.0,0.9106,12043.38,11769.38,12924.83
P003,P003-T010,2025-11-28,1.0,0.9402,12629.65,12152.54,12924.83
P003,P003-T010,2025-12-05,1.0,0.9539,12587.5,12328.77,12924.83
P003,P003-T010,2025-12-12,1.0,0.9582,13163.67,12385.05,12924.83
P003,P003-T010,2025-12-19,1.0,0.8909,12009.24,11514.53,12924.83
P003,P003-T010,2025-12-26,1.0,0.9658,13686.91,12482.92,12924.83
P003,P003-T010,2026-01-02,1.0,0.926,12566.49,11968.75,12924.83
P003,P003-T010,2026-01-09,1.0,0.9713,13321.18,12553.93,12924.83
P003,P003-T011,2025-10-24,0.0,0.0,0.0,0.0,0.0
P003,P003-T011,2025-10-31,0.0,0.0,0.0,0.0,0.0
P003,P003-T011,2025-11-07,0.0,0.0,0.0,0.0,0.0
P003,P003-T011,2025-11-14,0.0,0.0,0.0,0.0,0.0
P003,P003-T011,2025-11-21,0.0,0.0,0.0,0.0,0.0
P003,P003-T011,2025-11-28,0.0,0.0,0.0,0.0,0.0
P003,P003-T011,2025-12-05,0.0,0.0,0.0,0.0,0.0
P003,P003-T011,2025-12-12,0.0,0.0,0.0,0.0,0.0
P003,P003-T011,2025-12-19,0.6,0.4732,2875.33,2758.05,3497.33
P003,P003-T011,2025-12-26,1.0,0.7884,4636.96,4595.3,5828.88
P003,P003-T011,2026-01-02,1.0,0.8154,4525.71,4752.6,5828.88
P003,P003-T011,2026-01-09,1.0,0.8185,4621.84,4770.83,5828.88
P003,P003-T012,2025-10-24,0.0,0.0,0.0,0.0,0.0
P003,P003-T012,2025-10-31,0.0,0.0,0.0,0.0,0.0
P003,P003-T012,2025-11-07,0.0,0.0,0.0,0.0,0.0
P003,P003-T012,2025-11-14,0.2,0.2023,11094.04,11507.46,11374.62
P003,P003-T012,2025-11-21,0.9,1.0,55376.62,56873.1,51185.79
P003,P003-T012,2025-11-28,1.0,1.0,57628.45,56873.1,56873.1
P003,P003-T012,2025-12-05,1.0,1.0,55773.39,56873.1,56873.1
P003,P003-T012,2025-12-12,1.0,1.0,55267.0,56873.1,56873.1
P003,P003-T012,2025-12-19,1.0,1.0,56440.45,56873.1,56873.1
P003,P003-T012,2025-12-26,1.0,1.0,57148.83,56873.1,56873.1
P003,P003-T012,2026-01-02,1.0,1.0,56143.92,56873.1,56873.1
P003,P003-T012,2026-01-09,1.0,1.0,55934.42,56873.1,56873.1
P003,P003-T013,2025-10-24,0.0,0.0144,713.18,567.79,0.0
P003,P003-T013,2025-10-31,0.5833,0.4678,22578.5,18445.83,23000.79
P003,P003-T013,2025-11-07,1.0,0.9049,45949.29,35681.11,39429.92
P003,P003-T013,2025-11-14,1.0,0.836,40625.49,32964.88,39429.92
P003,P003-T013,2025-11-21,1.0,0.8564,43542.65,33769.16,39429.92
P003,P003-T013,2025-11-28,1.0,0.8353,40097.51,32935.76,39429.92
P003,P003-T013,2025-12-05,1.0,0.9133,44182.6,36012.1,39429.92
P003,P003-T013,2025-12-12,1.0,0.8986,43738.51,35431.81,39429.92
P003,P003-T013,2025-12-19,1.0,0.8433,41066.39,33250.13,39429.92
P003,P003-T013,2025-12-26,1.0,0.9056,46871.89,35705.93,39429.92
P003,P003-T013,2026-01-02,1.0,0.9163,45330.6,36131.59,39429.92
P003,P003-T013,2026-01-09,1.0,0.9001,43663.81,35492.29,39429.92
P003,P003-T014,2025-10-24,0.0,0.0,0.0,0.0,0.0
P003,P003-T014,2025-10-31,0.0714,0.1296,2705.73,1965.63,1083.33
P003,P003-T014,2025-11-07,0.5714,0.7069,13959.18,10720.78,8666.61
P003,P003-T014,2025-11-14,1.0,1.0,20417.4,15166.57,15166.57
P003,P003-T014,2025-11-21,1.0,1.0,20485.9,15166.57,15166.57
P003,P003-T014,2025-11-28,1.0,1.0,20340.01,15166.57,15166.57
P003,P003-T014,2025-12-05,1.0,1.0,19818.8,15166.57,15166.57
P003,P003-T014,2025-12-12,1.0,1.0,20768.09,15166.57,15166.57
P003,P003-T014,2025-12-19,1.0,1.0,20980.27,15166.57,15166.57
P003,P003-T014,2025-12-26,1.0,1.0,21033.05,15166.57,15166.57
P003,P003-T014,2026-01-02,1.0,1.0,20083.36,15166.57,15166.57
P003,P003-T014,2026-01-09,1.0,1.0,19766.62,15166.57,15166.57
P003,P003-T015,2025-10-24,0.0,0.0,0.0,0.0,0.0
P003,P003-T015,2025-10-31,0.0,0.0,0.0,0.0,0.0
P003,P003-T015,2025-11-07,0.0,0.0,0.0,0.0,0.0
P003,P003-T015,2025-11-14,0.0,0.0401,1171.56,969.47,0.0
P003,P003-T015,2025-11-21,0.4667,0.4694,13906.05,11360.85,11294.28
P003,P003-T015,2025-11-28,0.9333,0.9052,26795.09,21906.8,22588.55
P003,P003-T015,2025-12-05,1.0,0.9664,26535.01,23390.04,24202.02
P003,P003-T015,2025-12-12,1.0,0.9572,27462.07,23165.34,24202.02
P003,P003-T015,2025-12-19,1.0,0.9887,27256.65,23927.59,24202.02
P003,P003-T015,2025-12-26,1.0,0.9306,26076.72,22523.43,24202.02
P003,P003-T015,2026-01-02,1.0,0.9433,27699.38,22829.54,24202.02
P003,P003-T015,2026-01-09,1.0,0.9417,27385.3,22791.38,24202.02
P003,P003-T016,2025-10-24,0.0,0.0,0.0,0.0,0.0
P003,P003-T016,2025-10-31,0.0,0.0,0.0,0.0,0.0
P003,P003-T016,2025-11-07,0.0,0.0,0.0,0.0,0.0
P003,P003-T016,2025-11-14,0.0,0.0,0.0,0.0,0.0
P003,P003-T016,2025-11-21,0.0,0.0,0.0,0.0,0.0
P003,P003-T016,2025-11-28,0.0,0.0,0.0,0.0,0.0
P003,P003-T016,2025-12-05,0.0,0.0,0.0,0.0,0.0
P003,P003-T016,2025-12-12,1.0,0.81,21808.64,16535.72,20415.6
P003,P003-T016,2025-12-19,1.0,0.7747,22369.06,15815.8,20415.6
P003,P003-T016,2025-12-26,1.0,0.7663,21836.47,15645.36,20415.6
P003,P003-T016,2026-01-02,1.0,0.7826,21827.63,15977.22,20415.6
P003,P003-T016,2026-01-09,1.0,0.7869,21873.9,16065.71,20415.6
P003,P003-T017,2025-10-24,0.0,0.0,0.0,0.0,0.0
P003,P003-T017,2025-10-31,0.0,0.0,0.0,0.0,0.0
P003,P003-T017,2025-11-07,0.0,0.0,0.0,0.0,0.0
P003,P003-T017,2025-11-14,0.0,0.0,0.0,0.0,0.0
P003,P003-T017,2025-11-21,0.0,0.0,0.0,0.0,0.0
P003,P003-T017,2025-11-28,0.0,0.0,0.0,0.0,0.0
P003,P003-T017,2025-12-05,0.0,0.0,0.0,0.0,0.0
P003,P003-T017,2025-12-12,0.0,0.0,0.0,0.0,0.0
P003,P003-T017,2025-12-19,0.5,0.4546,11060.26,11942.14,13134.04
P003,P003-T017,2025-12-26,1.0,0.9592,23467.81,25197.45,26268.07
P003,P003-T017,2026-01-02,1.0,0.9485,23901.09,24914.03,26268.07
P003,P003-T017,2026-01-09,1.0,1.0,25477.16,26268.07,26268.07
P003,P003-T018,2025-10-24,0.0,0.0,0.0,0.0,0.0
P003,P003-T018,2025-10-31,0.0,0.0,0.0,0.0,0.0
P003,P003-T018,2025-11-07,0.0,0.0,0.0,0.0,0.0
P003,P003-T018,2025-11-14,0.0,0.0,0.0,0.0,0.0
P003,P003-T018,2025-11-21,0.5,0.6517,4348.78,4354.33,3341.0
P003,P003-T018,2025-11-28,1.0,1.0,6931.61,6682.01,6682.01
P003,P003-T018,2025-12-05,1.0,1.0,6848.05,6682.01,6682.01
P003,P003-T018,2025-12-12,1.0,1.0,6777.87,6682.01,6682.01
P003,P003-T018,2025-12-19,1.0,1.0,6442.92,6682.01,6682.01
P003,P003-T018,2025-12-26,1.0,1.0,6473.31,6682.01,6682.01
P003,P003-T018,2026-01-02,1.0,1.0,6680.99,6682.01,6682.01
P003,P003-T018,2026-01-09,1.0,1.0,6745.41,6682.01,6682.01
P003,P003-T019,2025-10-24,0.0,0.0,0.0,0.0,0.0
P003,P003-T019,2025-10-31,0.0,0.0,0.0,0.0,0.0
P003,P003-T019,2025-11-07,0.0,0.0,0.0,0.0,0.0
P003,P003-T019,2025-11-14,0.2,0.2668,5892.69,7210.12,5405.17
P003,P003-T019,2025-11-21,1.0,1.0,22023.24,27025.87,27025.87
P003,P003-T019,2025-11-28,1.0,1.0,23660.85,27025.87,27025.87
P003,P003-T019,2025-12-05,1.0,1.0,23120.57,27025.87,27025.87
P003,P003-T019,2025-12-12,1.0,1.0,21931.19,27025.87,27025.87
P003,P003-T019,2025-12-19,1.0,1.0,23596.12,27025.87,27025.87
P003,P003-T019,2025-12-26,1.0,1.0,23102.09,27025.87,27025.87
P003,P003-T019,2026-01-02,1.0,1.0,23616.3,27025.87,27025.87
P003,P003-T019,2026-01-09,1.0,1.0,23661.32,27025.87,27025.87
P003,P003-T020,2025-10-24,0.0,0.0,0.0,0.0,0.0
P003,P003-T020,2025-10-31,0.0,0.0,0.0,0.0,0.0
P003,P003-T020,2025-11-07,0.0,0.0,0.0,0.0,0.0
P003,P003-T020,2025-11-14,0.0,0.0,0.0,0.0,0.0
P003,P003-T020,2025-11-21,0.0,0.0,0.0,0.0,0.0
P003,P003-T020,2025-11-28,0.0,0.0,0.0,0.0,0.0
P003,P003-T020,2025-12-05,0.5714,0.4809,5767.43,6516.42,7743.18
P003,P003-T020,2025-12-12,1.0,0.8956,10234.85,12135.8,13550.56
P003,P003-T020,2025-12-19,1.0,0.8803,10661.95,11928.4,13550.56
P003,P003-T020,2025-12-26,1.0,0.9066,11011.07,12284.68,13550.56
P003,P003-T020,2026-01-02,1.0,0.8791,10250.03,11912.69,13550.56
P003,P003-T020,2026-01-09,1.0,0.9265,11326.11,12555.17,13550.56
P003,P003-T021,2025-10-24,0.0,0.0,0.0,0.0,0.0
P003,P003-T021,2025-10-31,0.0,0.0,0.0,0.0,0.0
P003,P003-T021,2025-11-07,0.0,0.0,0.0,0.0,0.0
P003,P003-T021,2025-11-14,0.0,0.0,0.0,0.0,0.0
P003,P003-T021,2025-11-21,0.0,0.0,0.0,0.0,0.0
P003,P003-T021,2025-11-28,0.1765,0.1444,1680.38,1292.41,1579.34
P003,P003-T021,2025-12-05,0.5882,0.592,6891.98,5298.38,5264.47
P003,P003-T021,2025-12-12,1.0,1.0,11713.61,8949.6,8949.6
P003,P003-T021,2025-12-19,1.0,1.0,11779.67,8949.6,8949.6
P003,P003-T021,2025-12-26,1.0,1.0,11520.75,8949.6,8949.6
P003,P003-T021,2026-01-02,1.0,1.0,11198.36,8949.6,8949.6
P003,P003-T021,2026-01-09,1.0,1.0,11640.24,8949.6,8949.6
P003,P003-T022,2025-10-24,0.0,0.0,0.0,0.0,0.0
P003,P003-T022,2025-10-31,0.0,0.0,0.0,0.0,0.0
P003,P003-T022,2025-11-07,0.0,0.0,0.0,0.0,0.0
P003,P003-T022,2025-11-14,0.0,0.0,0.0,0.0,0.0
P003,P003-T022,2025-11-21,0.0,0.0,0.0,0.0,0.0
P003,P003-T022,2025-11-28,0.4615,0.3404,7098.6,7791.12,10563.61
P003,P003-T022,2025-12-05,1.0,0.6839,14703.4,15654.1,22887.83
P003,P003-T022,2025-12-12,1.0,0.7225,16195.73,16536.45,22887.83
P003,P003-T022,2025-12-19,1.0,0.6961,14935.09,15932.86,22887.83
P003,P003-T022,2025-12-26,1.0,0.7283,15253.27,16668.09,22887.83
P003,P003-T022,2026-01-02,1.0,0.6482,14068.7,14835.07,22887.83
P003,P003-T022,2026-01-09,1.0,0.6497,14906.33,14869.33,22887.83
P003,P003-T023,2025-10-24,0.0,0.0,0.0,0.0,0.0
P003,P003-T023,2025-10-31,0.0,0.0,0.0,0.0,0.0
P003,P003-T023,2025-11-07,0.0,0.0,0.0,0.0,0.0
P003,P003-T023,2025-11-14,0.0,0.0,0.0,0.0,0.0
P003,P003-T023,2025-11-21,0.0,0.0,0.0,0.0,0.0
P003,P003-T023,2025-11-28,0.0,0.0,0.0,0.0,0.0
P003,P003-T023,2025-12-05,0.0,0.0,0.0,0.0,0.0
P003,P003-T023,2025-12-12,0.0,0.0,0.0,0.0,0.0
P003,P003-T023,2025-12-19,0.0,0.0,0.0,0.0,0.0
P003,P003-T023,2025-12-26,0.3333,0.33,46651.77,43555.04,43999.54
P003,P003-T023,2026-01-02,1.0,0.8729,119499.22,115221.91,131998.61
P003,P003-T023,2026-01-09,1.0,0.8429,119697.18,111257.1,131998.61
